{"header": "{\"msgid\": \"19759\", \"msgtype\": \"PATCH-DOC\"}", "metadata": "{}", "content": "{\"events\": [{\"attr\": \"children\", \"kind\": \"ModelChanged\", \"model\": {\"id\": \"16097\", \"type\": \"Row\"}, \"new\": [{\"id\": \"16098\", \"type\": \"Column\"}, {\"id\": \"19692\", \"subtype\": \"Figure\", \"type\": \"Plot\"}]}], \"references\": [{\"attributes\": {\"callback\": null, \"end\": 8.214285714285714, \"reset_end\": 8.214285714285714, \"reset_start\": 2.7857142857142856, \"start\": 2.7857142857142856, \"tags\": [[[\"cyl\", \"cyl\", null]]]}, \"id\": \"19689\", \"type\": \"Range1d\"}, {\"attributes\": {\"grid_line_color\": null, \"ticker\": {\"id\": \"19702\", \"type\": \"BasicTicker\"}}, \"id\": \"19705\", \"type\": \"Grid\"}, {\"attributes\": {\"callback\": null, \"data\": {\"cyl\": [8, 8, 8, 8, 8, 8, 8, 8, 8, 8, 8, 8, 8, 8, 4, 6, 6, 6, 4, 4, 4, 4, 4, 4, 6, 8, 8, 8, 8, 4, 4, 4, 6, 6, 6, 6, 6, 8, 8, 8, 8, 8, 8, 8, 6, 4, 6, 6, 4, 4, 4, 4, 4, 4, 4, 4, 4, 4, 4, 4, 4, 8, 8, 8, 8, 8, 8, 8, 8, 8, 3, 8, 8, 8, 8, 4, 4, 4, 4, 4, 4, 4, 4, 4, 8, 8, 8, 8, 8, 8, 8, 8, 8, 8, 8, 8, 6, 6, 6, 6, 6, 4, 8, 8, 8, 8, 6, 4, 4, 4, 3, 4, 6, 4, 8, 8, 4, 4, 4, 4, 8, 4, 6, 8, 6, 6, 6, 4, 4, 4, 4, 6, 6, 6, 8, 8, 8, 8, 8, 4, 4, 4, 4, 4, 4, 4, 4, 4, 4, 4, 6, 6, 6, 6, 8, 8, 8, 8, 6, 6, 6, 6, 6, 8, 8, 4, 4, 6, 4, 4, 4, 4, 6, 4, 6, 4, 4, 4, 4, 4, 4, 4, 4, 4, 4, 8, 8, 8, 8, 6, 6, 6, 6, 4, 4, 4, 4, 6, 6, 6, 6, 4, 4, 4, 4, 4, 8, 4, 6, 6, 8, 8, 8, 8, 4, 4, 4, 4, 4, 8, 8, 8, 8, 6, 6, 6, 6, 8, 8, 8, 8, 4, 4, 4, 4, 4, 4, 4, 4, 6, 4, 3, 4, 4, 4, 4, 4, 8, 8, 8, 6, 6, 6, 4, 6, 6, 6, 6, 6, 6, 8, 6, 8, 8, 4, 4, 4, 4, 4, 4, 4, 4, 5, 6, 4, 6, 4, 4, 6, 6, 4, 6, 6, 8, 8, 8, 8, 8, 8, 8, 8, 4, 4, 4, 4, 5, 8, 4, 8, 4, 4, 4, 4, 4, 6, 6, 4, 4, 4, 4, 4, 4, 4, 4, 6, 4, 4, 4, 4, 4, 4, 4, 4, 4, 4, 5, 4, 4, 4, 4, 6, 3, 4, 4, 4, 4, 4, 6, 4, 4, 4, 4, 4, 4, 4, 4, 4, 4, 4, 4, 4, 4, 4, 4, 4, 6, 6, 6, 6, 8, 6, 6, 4, 4, 4, 4, 4, 4, 4, 4, 4, 4, 4, 4, 4, 4, 4, 4, 4, 4, 6, 6, 4, 6, 4, 4, 4, 4, 4, 4, 4, 4], \"yr\": [70, 70, 70, 70, 70, 70, 70, 70, 70, 70, 70, 70, 70, 70, 70, 70, 70, 70, 70, 70, 70, 70, 70, 70, 70, 70, 70, 70, 70, 71, 71, 71, 71, 71, 71, 71, 71, 71, 71, 71, 71, 71, 71, 71, 71, 71, 71, 71, 71, 71, 71, 71, 71, 71, 71, 71, 72, 72, 72, 72, 72, 72, 72, 72, 72, 72, 72, 72, 72, 72, 72, 72, 72, 72, 72, 72, 72, 72, 72, 72, 72, 72, 72, 72, 73, 73, 73, 73, 73, 73, 73, 73, 73, 73, 73, 73, 73, 73, 73, 73, 73, 73, 73, 73, 73, 73, 73, 73, 73, 73, 73, 73, 73, 73, 73, 73, 73, 73, 73, 73, 73, 73, 73, 73, 74, 74, 74, 74, 74, 74, 74, 74, 74, 74, 74, 74, 74, 74, 74, 74, 74, 74, 74, 74, 74, 74, 74, 74, 74, 74, 75, 75, 75, 75, 75, 75, 75, 75, 75, 75, 75, 75, 75, 75, 75, 75, 75, 75, 75, 75, 75, 75, 75, 75, 75, 75, 75, 75, 75, 75, 76, 76, 76, 76, 76, 76, 76, 76, 76, 76, 76, 76, 76, 76, 76, 76, 76, 76, 76, 76, 76, 76, 76, 76, 76, 76, 76, 76, 76, 76, 76, 76, 76, 76, 77, 77, 77, 77, 77, 77, 77, 77, 77, 77, 77, 77, 77, 77, 77, 77, 77, 77, 77, 77, 77, 77, 77, 77, 77, 77, 77, 77, 78, 78, 78, 78, 78, 78, 78, 78, 78, 78, 78, 78, 78, 78, 78, 78, 78, 78, 78, 78, 78, 78, 78, 78, 78, 78, 78, 78, 78, 78, 78, 78, 78, 78, 78, 78, 79, 79, 79, 79, 79, 79, 79, 79, 79, 79, 79, 79, 79, 79, 79, 79, 79, 79, 79, 79, 79, 79, 79, 79, 79, 79, 79, 79, 79, 80, 80, 80, 80, 80, 80, 80, 80, 80, 80, 80, 80, 80, 80, 80, 80, 80, 80, 80, 80, 80, 80, 80, 80, 80, 80, 80, 81, 81, 81, 81, 81, 81, 81, 81, 81, 81, 81, 81, 81, 81, 81, 81, 81, 81, 81, 81, 81, 81, 81, 81, 81, 81, 81, 81, 82, 82, 82, 82, 82, 82, 82, 82, 82, 82, 82, 82, 82, 82, 82, 82, 82, 82, 82, 82, 82, 82, 82, 82, 82, 82, 82, 82, 82, 82]}, \"selected\": {\"id\": \"19724\", \"type\": \"Selection\"}, \"selection_policy\": {\"id\": \"19742\", \"type\": \"UnionRenderers\"}}, \"id\": \"19723\", \"type\": \"ColumnDataSource\"}, {\"attributes\": {\"css_classes\": [\"markdown\"], \"margin\": [5, 5, 5, 5], \"name\": \"Markdown30333\", \"text\": \"&lt;h2&gt;MPG Explorer&lt;/h2&gt;\"}, \"id\": \"16099\", \"type\": \"panel.models.markup.HTML\"}, {\"attributes\": {\"callback\": null, \"color\": \"#880588\", \"margin\": [5, 10, 5, 10], \"title\": \"Color\"}, \"id\": \"16102\", \"type\": \"ColorPicker\"}, {\"attributes\": {\"bottom_units\": \"screen\", \"fill_alpha\": {\"value\": 0.5}, \"fill_color\": {\"value\": \"lightgrey\"}, \"left_units\": \"screen\", \"level\": \"overlay\", \"line_alpha\": {\"value\": 1.0}, \"line_color\": {\"value\": \"black\"}, \"line_dash\": [4, 4], \"line_width\": {\"value\": 2}, \"render_mode\": \"css\", \"right_units\": \"screen\", \"top_units\": \"screen\"}, \"id\": \"19740\", \"type\": \"BoxAnnotation\"}, {\"attributes\": {\"code\": \"\\nvar state = null\\nfor (var root of cb_obj.document.roots()) {\\n  if (root.id == '16165') {\\n    state = root;\\n    break;\\n  }\\n}\\nif (!state) { return; }\\nstate.set_state(cb_obj, cb_obj.value)\\n\"}, \"id\": \"16167\", \"type\": \"CustomJS\"}, {\"attributes\": {\"callback\": null, \"js_property_callbacks\": {\"change:value\": [{\"id\": \"16166\", \"type\": \"CustomJS\"}]}, \"margin\": [5, 10, 5, 10], \"options\": [\"mpg\", \"cyl\", \"displ\", \"hp\", \"weight\", \"accel\", \"yr\"], \"title\": \"x\", \"value\": \"cyl\"}, \"id\": \"16100\", \"type\": \"Select\"}, {\"attributes\": {}, \"id\": \"19697\", \"type\": \"LinearScale\"}, {\"attributes\": {}, \"id\": \"19713\", \"type\": \"WheelZoomTool\"}, {\"attributes\": {\"fill_color\": {\"value\": \"#880588\"}, \"line_color\": {\"value\": \"#880588\"}, \"size\": {\"units\": \"screen\", \"value\": 5.477225575051661}, \"x\": {\"field\": \"cyl\"}, \"y\": {\"field\": \"yr\"}}, \"id\": \"19726\", \"type\": \"Scatter\"}, {\"attributes\": {\"data_source\": {\"id\": \"19723\", \"type\": \"ColumnDataSource\"}, \"glyph\": {\"id\": \"19726\", \"type\": \"Scatter\"}, \"hover_glyph\": null, \"muted_glyph\": {\"id\": \"19728\", \"type\": \"Scatter\"}, \"nonselection_glyph\": {\"id\": \"19727\", \"type\": \"Scatter\"}, \"selection_glyph\": null, \"view\": {\"id\": \"19730\", \"type\": \"CDSView\"}}, \"id\": \"19729\", \"type\": \"GlyphRenderer\"}, {\"attributes\": {}, \"id\": \"19715\", \"type\": \"ResetTool\"}, {\"attributes\": {\"fill_alpha\": {\"value\": 0.1}, \"fill_color\": {\"value\": \"#880588\"}, \"line_alpha\": {\"value\": 0.1}, \"line_color\": {\"value\": \"#880588\"}, \"size\": {\"units\": \"screen\", \"value\": 5.477225575051661}, \"x\": {\"field\": \"cyl\"}, \"y\": {\"field\": \"yr\"}}, \"id\": \"19727\", \"type\": \"Scatter\"}, {\"attributes\": {\"source\": {\"id\": \"19723\", \"type\": \"ColumnDataSource\"}}, \"id\": \"19730\", \"type\": \"CDSView\"}, {\"attributes\": {\"axis_label\": \"cyl\", \"axis_label_text_font_size\": {\"value\": \"10pt\"}, \"bounds\": \"auto\", \"formatter\": {\"id\": \"19731\", \"type\": \"BasicTickFormatter\"}, \"major_label_orientation\": \"horizontal\", \"ticker\": {\"id\": \"19702\", \"type\": \"BasicTicker\"}}, \"id\": \"19701\", \"type\": \"LinearAxis\"}, {\"attributes\": {}, \"id\": \"19702\", \"type\": \"BasicTicker\"}, {\"attributes\": {\"align\": null, \"below\": [{\"id\": \"19701\", \"type\": \"LinearAxis\"}], \"center\": [{\"id\": \"19705\", \"type\": \"Grid\"}, {\"id\": \"19710\", \"type\": \"Grid\"}], \"left\": [{\"id\": \"19706\", \"type\": \"LinearAxis\"}], \"margin\": null, \"min_border_bottom\": 10, \"min_border_left\": 10, \"min_border_right\": 10, \"min_border_top\": 10, \"plot_height\": 300, \"plot_width\": 700, \"renderers\": [{\"id\": \"19729\", \"type\": \"GlyphRenderer\"}], \"sizing_mode\": \"fixed\", \"title\": {\"id\": \"19693\", \"type\": \"Title\"}, \"toolbar\": {\"id\": \"19716\", \"type\": \"Toolbar\"}, \"x_range\": {\"id\": \"19689\", \"type\": \"Range1d\"}, \"x_scale\": {\"id\": \"19697\", \"type\": \"LinearScale\"}, \"y_range\": {\"id\": \"19690\", \"type\": \"Range1d\"}, \"y_scale\": {\"id\": \"19699\", \"type\": \"LinearScale\"}}, \"id\": \"19692\", \"subtype\": \"Figure\", \"type\": \"Plot\"}, {\"attributes\": {\"fill_alpha\": {\"value\": 0.2}, \"fill_color\": {\"value\": \"#880588\"}, \"line_alpha\": {\"value\": 0.2}, 